Booking_ID,booking_status
INN04969,0.0011394927
INN34541,0.2797985
INN36109,0.14781791
INN01554,0.49378794
INN24975,0.16317922
INN27080,0.20336004
INN29146,0.4371872
INN05926,0.2714019
INN17356,0.38766283
INN25284,0.3316342
INN28043,0.03827575
INN00264,0.96634775
INN36020,0.14574821
INN05558,0.34644058
INN07365,0.41277826
INN35759,0.49177536
INN24606,0.18618591
INN14613,0.0967695
INN00927,0.6145205
INN03156,0.0057632267
INN18684,0.26346585
INN24976,0.10430647
INN02773,0.051556088
INN09126,0.4017537
INN23806,0.27928844
INN05911,0.47372618
INN10744,0.33808026
INN18155,0.0042527188
INN01732,0.12557015
INN28020,0.0036336398
INN11177,0.0022988631
INN24767,0.13135663
INN24168,0.540918
INN17657,0.17829984
INN19937,0.49063164
INN10005,0.13243061
INN19470,0.21259686
INN03227,0.53342813
INN20723,0.27831692
INN32020,0.08988879
INN04254,0.17843148
INN06188,0.17947814
INN19814,0.22265661
INN26451,0.29286224
INN07030,0.0142210275
INN34873,0.53381145
INN27817,0.42214364
INN32177,0.76641303
INN05866,0.38243496
INN12355,0.17526825
INN27652,0.102708235
INN27153,0.14266244
INN35279,0.5806558
INN16005,0.120792806
INN12990,0.2114904
INN24073,0.011296645
INN33637,0.17704208
INN13485,0.24719323
INN16436,0.37241882
INN34987,0.43393484
INN14263,0.11993024
INN35353,0.1784377
INN00269,0.06368692
INN32425,0.2548204
INN27275,0.43238974
INN35034,0.3248893
INN34452,0.187614
INN35113,0.3603749
INN34588,0.36337048
INN07616,0.42078543
INN26088,0.40360233
INN09286,0.534478
INN32284,0.17002065
INN13788,0.32474235
INN03704,0.18887818
INN21855,0.09911752
INN16700,0.97349566
INN30579,0.1450388
INN07578,0.51429397
INN05758,0.11465529
INN31672,0.16793951
INN00084,0.47591
INN15712,0.7067745
INN21926,0.22408824
INN22391,0.31450418
INN34753,0.14837623
INN10927,0.112204
INN07802,0.16621046
INN06082,0.6875377
INN05187,0.30942073
INN10952,0.36373982
INN16320,0.47062376
INN18055,0.5510975
INN02266,0.20383207
INN33046,0.21081638
INN33753,0.48617178
INN35475,0.5529438
INN14908,0.83976674
INN35795,0.12953207
INN35668,0.38950178
INN19700,0.7687514
INN35228,0.47704503
INN12325,0.008132467
INN13499,0.001653288
INN22534,0.43375096
INN31212,0.1642799
INN33520,0.3684566
INN15795,0.20415376
INN12712,0.51580507
INN07104,0.5852671
INN27400,0.11892476
INN31525,0.31198865
INN18168,0.031602047
INN23731,0.6067132
INN13833,0.7187451
INN28228,0.14056116
INN24517,0.22026742
INN15483,0.47422168
INN20700,0.4877868
INN02650,0.61324334
INN13261,0.069788285
INN30788,0.17274804
INN15499,0.1516547
INN02562,0.34371135
INN29761,0.26938522
INN35910,0.41223916
INN15337,0.5529438
INN00071,0.6025518
INN10545,0.01696389
INN16346,0.028236154
INN08566,0.70843816
INN12010,0.7959743
INN24714,0.033241246
INN04916,0.7945583
INN30066,0.9789209
INN29665,0.18631513
INN31774,0.43228415
INN13827,0.09185039
INN00466,0.61549973
INN16884,0.6719438
INN06217,0.024417471
INN18504,0.48431873
INN05180,0.44009313
INN08039,0.3538467
INN00313,0.019236004
INN04700,0.14296229
INN16731,0.30708712
INN06066,0.20250118
INN05573,0.72512597
INN11238,0.58504057
INN14218,0.15592961
INN26488,0.6148619
INN26079,0.16354886
INN35612,0.63246065
INN31168,0.5868611
INN13144,0.05161515
INN02792,0.41342735
INN34087,0.39610916
INN29578,0.5616352
INN23190,0.15453866
INN01158,0.0034115515
INN02555,0.48804358
INN21625,0.44772825
INN28268,0.33973974
INN21241,0.2109979
INN19859,0.07024508
INN01683,0.56739974
INN09949,0.41904396
INN09808,0.8943237
INN29709,0.5029735
INN03894,0.39300254
INN05839,0.77906805
INN03029,0.11507196
INN18224,0.33471504
INN03980,0.49231803
INN13731,0.5366381
INN22867,0.6103174
INN20326,0.16088825
INN02970,0.16209759
INN11661,0.012215253
INN26818,0.4625752
INN26174,0.024304565
INN14495,0.011199408
INN35656,0.5301565
INN29208,0.62651694
INN06268,0.3919712
INN10870,0.1604427
INN15640,0.08289899
INN34774,0.0008770892
INN17039,0.19339973
INN24361,0.35256326
INN11077,0.21430789
INN30989,0.60497904
INN16314,0.1331953
INN16829,0.541014
INN28490,0.033280198
INN08181,0.62702066
INN12627,0.14048408
INN10390,0.49414015
INN07340,0.57814765
INN23221,0.16691022
INN24006,0.111618795
INN06869,0.48668468
INN29356,0.18579528
INN23147,0.1622571
INN14364,0.1466323
INN31585,0.90159464
INN20551,0.31661123
INN13609,0.17901224
INN00274,0.08208015
INN33001,0.2834591
INN09998,0.3749651
INN10313,0.29858473
INN29439,0.7734135
INN00472,0.055433225
INN21407,0.27497146
INN08669,0.39503333
INN29849,0.036351133
INN29382,0.011516255
INN34473,0.22896467
INN26219,0.5687261
INN05708,0.5879231
INN13039,0.14466576
INN09593,0.045590352
INN32723,0.27271843
INN25064,0.09679007
INN25451,0.70712173
INN16358,0.23284143
INN31235,0.010212148
INN30234,0.16616401
INN08364,0.46807286
INN25291,0.021252494
INN14285,0.19429572
INN33508,0.6333836
INN31027,0.51419145
INN22513,0.09718064
INN01427,0.31138402
INN25173,0.16283792
INN07410,0.25605604
INN08944,0.26164126
INN07450,0.0011754956
INN23336,0.31045932
INN00429,0.27286598
INN09737,0.030155018
INN12081,0.032500196
INN27086,0.24029836
INN01913,0.65591776
INN05219,0.29451743
INN00726,0.1245215
INN20387,0.16822064
INN08691,0.35296357
INN28625,0.14182402
INN33466,0.6588882
INN04309,0.5182151
INN28105,0.470105
INN25383,0.048502956
INN26142,0.18247345
INN32384,0.5208287
INN18556,0.3024029
INN02901,0.59447134
INN02030,0.23597209
INN29069,0.9259408
INN34358,0.58313173
INN22532,0.31661898
INN01428,0.49043956
INN23630,0.1963168
INN28975,0.42970434
INN15484,0.4061358
INN17992,0.3833915
INN27024,0.062791415
INN17475,0.07706815
INN06283,0.58800304
INN28067,0.4652725
INN09999,0.71518356
INN10649,0.95231795
INN28239,0.4641224
INN21378,0.18894392
INN25490,0.51822937
INN21472,0.5025434
INN30471,0.5061208
INN33507,0.2080522
INN26297,0.09981109
INN03057,0.18265495
INN26999,0.26176363
INN31615,0.5731699
INN12250,0.39557448
INN18579,0.41086426
INN25639,0.26271588
INN33957,0.49008372
INN03841,0.055773575
INN21145,0.25605965
INN11569,0.3847091
INN21762,0.5004032
INN18427,0.26207525
INN04141,0.7182505
INN01762,0.546692
INN00097,0.8207344
INN24870,0.19947046
INN34008,0.06721997
INN33511,0.0002495954
INN30618,0.18322697
INN34749,0.022798588
INN33193,0.0041648396
INN25873,0.16558734
INN26663,0.35795295
INN21579,0.29769507
INN31014,0.15525624
INN02944,0.056335825
INN06915,0.54868144
INN11989,0.35952413
INN19058,0.06285657
INN05987,0.6211187
INN35018,0.43166712
INN35079,0.28694934
INN13596,0.33358333
INN33039,0.024865061
INN19855,0.0291705
INN22127,0.4232171
INN26548,0.013099715
INN16027,0.21758129
INN20533,0.5250944
INN07050,0.4692592
INN22715,0.7042011
INN26494,0.47697586
INN18435,0.18975629
INN13643,0.7456079
INN23491,0.61526537
INN15926,0.6072854
INN35698,0.6197037
INN21014,0.4641628
INN02983,0.53624225
INN13721,0.46265844
INN01454,0.37560937
INN24636,0.0088856965
INN06966,0.00094228017
INN35306,0.20400268
INN20882,0.037787028
INN07987,0.5480068
INN00145,0.17713828
INN18380,0.3203982
INN34025,0.029024191
INN21248,0.54670554
INN26468,0.12557015
INN08547,0.9654619
INN17682,0.29153922
INN08929,0.51043344
INN23874,0.0037148162
INN21076,0.4887213
INN29400,0.3442083
INN00960,0.43749893
INN08249,0.28567088
INN24581,0.14175028
INN25235,0.13797952
INN35757,0.74096006
INN35577,0.0983517
INN02993,0.19414476
INN27420,0.47752765
INN14978,0.34880608
INN22762,0.0301234
INN09572,0.76042783
INN22462,0.46239972
INN02533,0.2219217
INN25943,0.39485297
INN12789,0.33953178
INN06316,0.0026942
INN28108,0.26841477
INN04306,0.011997229
INN36237,0.07606668
INN27675,0.14249474
INN00076,0.35956296
INN22139,0.77748513
INN04741,0.4511083
INN35923,0.472587
INN01662,0.28686923
INN31249,0.25021854
INN23946,0.0015453405
INN18405,0.1901413
INN13453,0.24180104
INN21212,0.5388773
INN30649,0.5469614
INN05116,0.19511199
INN26874,0.2696396
INN28050,0.008060252
INN27594,0.23922393
INN23752,0.26367128
INN20918,0.1877499
INN28613,0.24990253
INN35510,0.22113314
INN02112,0.6541137
INN01537,0.22112566
INN02358,0.23698041
INN14016,0.61542445
INN05227,0.17988671
INN09086,0.00088430167
INN34978,0.51025397
INN08853,0.2505442
INN35860,0.037884284
INN02497,0.731952
INN29432,0.4576848
INN05628,0.43313622
INN34779,0.5077526
INN12561,0.7932387
INN10497,0.0018123974
INN08493,0.25721887
INN20388,0.32826275
INN28654,0.15725197
INN01708,0.24641128
INN35672,0.7443634
INN15833,0.21211408
INN33082,0.35433623
INN36063,0.4400718
INN20785,0.39665735
INN12054,0.14788133
INN26012,0.1716952
INN01497,0.48834267
INN14434,0.44433427
INN25310,0.51210034
INN31899,0.18465056
INN26696,0.50696135
INN22146,0.024112742
INN12580,0.2153746
INN22939,0.22730409
INN23537,0.10097795
INN16430,0.27051517
INN27703,0.56756943
INN09734,0.019053172
INN08441,0.9192317
INN24127,0.42610613
INN29469,0.7758507
INN02800,0.031114975
INN12234,0.28756514
INN28359,0.085245006
INN25866,0.15871128
INN16049,0.15707073
INN16502,0.05733164
INN22007,0.37922958
INN03663,0.3462448
INN10672,0.21275276
INN13105,0.5367535
INN03706,0.6617058
INN31228,0.81790805
INN16543,0.016896931
INN18124,0.13220839
INN30539,0.20439884
INN18195,0.2700616
INN18487,0.26649725
INN25081,0.5571595
INN00844,0.5611263
INN07666,0.24607271
INN18984,0.5639078
INN32087,0.8012479
INN23680,0.056185033
INN10647,0.19599822
INN35165,0.55208945
INN22401,0.21845962
INN15485,0.28039536
INN18567,0.4537214
INN33031,0.23987156
INN35516,0.22097586
INN31543,0.0034003446
INN21090,0.05355168
INN24791,0.32302284
INN09285,0.45186013
INN33248,0.20873104
INN14116,0.29528522
INN24441,0.09463878
INN11766,0.4280893
INN35823,0.19429572
INN16042,0.27043012
INN32338,0.60556716
INN20496,0.13540898
INN34280,0.38882148
INN24242,0.28341597
INN04946,0.07103922
INN34486,0.47701594
INN21056,0.29472163
INN17985,0.5121893
INN01289,0.041710902
INN14496,0.054091413
INN04742,0.24048673
INN27547,0.11104748
INN22134,0.5185763
INN28198,0.3546564
INN20893,0.35720026
INN24869,0.2640829
INN27807,0.07137957
INN25027,0.072579056
INN13227,0.07948209
INN17129,0.6509007
INN33590,0.036743112
INN32244,0.59538186
INN11655,0.21430789
INN13824,0.32113862
INN15759,0.74463415
INN13131,0.12073161
INN06563,0.36854073
INN05374,0.21715668
INN12182,0.49527276
INN17838,0.2086721
INN34336,0.24614847
INN34780,0.46749017
INN23598,0.19049433
INN18181,0.41284966
INN12587,0.43680894
INN18886,0.3231418
INN00062,0.37473708
INN35615,0.17993027
INN21809,0.57029676
INN08224,0.28340703
INN09528,0.1127981
INN20474,0.1424556
INN28172,0.60004616
INN34703,0.8721062
INN24872,0.7466419
INN09939,0.37568808
INN13910,0.26753938
INN14857,0.76847035
INN06934,0.28779587
INN33502,0.14872539
INN00880,0.036245972
INN11263,0.3973586
INN21909,0.5525657
INN20959,0.7312908
INN31851,0.6871485
INN13723,0.07612506
INN00843,0.039694004
INN21987,0.31382048
INN21717,0.2665495
INN07577,0.32426453
INN15268,0.47153184
INN23080,0.34521377
INN20500,0.5250331
INN15396,0.43586767
INN16318,0.24670547
INN14160,0.72167265
INN22538,0.76826537
INN35673,0.17340666
INN29672,0.07096924
INN33224,0.4166174
INN20269,0.0035801425
INN06189,0.29900736
INN05087,0.3596771
INN19899,0.3459282
INN03917,0.13839285
INN20497,0.45520934
INN21332,0.23923951
INN07496,0.12893574
INN00912,0.030048719
INN16676,0.63974345
INN11000,0.7222431
INN13316,0.19359575
INN23539,0.62474245
INN35760,0.029641235
INN35115,0.5252173
INN26569,0.020222893
INN32385,0.09099235
INN20213,0.37084246
INN31726,0.42149532
INN26567,0.4900234
INN20353,0.7828389
INN22808,0.591895
INN02056,0.036027603
INN01671,0.00416515
INN01046,0.017644564
INN20265,0.1133922
INN17434,0.029947288
INN02343,0.6277523
INN29826,0.4633061
INN04450,0.0006370622
INN01711,0.095273525
INN20713,0.019173259
INN01435,0.4892072
INN17093,0.25816396
INN19233,0.14598489
INN12794,0.38860565
INN24471,0.06791163
INN17551,0.3960149
INN22802,0.39243722
INN15469,0.12562959
INN13368,0.73141307
INN12224,0.063381925
INN36060,0.062630825
INN22145,0.18370865
INN20577,0.32733852
INN27018,0.4018208
INN32694,0.38550517
INN09578,0.2670998
INN33547,0.21619062
INN35524,0.68825203
INN25805,0.71915346
INN23211,0.23011266
INN20483,0.4008745
INN34924,0.28603044
INN13099,0.58119386
INN04642,0.17135012
INN30780,0.20313449
INN01333,0.40297523
INN16598,0.42978632
INN26576,0.17665416
INN05690,0.8498257
INN35745,0.38422066
INN11538,0.12152911
INN02542,0.3024029
INN07347,0.5282531
INN30283,0.115008265
INN26743,0.05556266
INN24253,0.65245724
INN03549,0.11700763
INN33709,0.40151796
INN03001,0.3527233
INN05153,0.3451709
INN32804,0.030785738
INN26046,0.30387
INN09930,0.024925683
INN34498,0.31900522
INN13534,0.58875465
INN32788,0.07244116
INN10275,0.029840467
INN01589,0.88655704
INN13431,0.0023474903
INN14682,0.004956588
INN30024,0.3162956
INN28220,0.109511696
INN03569,0.29171824
INN34317,0.035233352
INN36136,0.42950293
INN31449,0.5708622
INN26572,0.5628601
INN14979,0.083300844
INN16038,0.23412684
INN09724,0.36323094
INN14632,0.4754176
INN32902,0.089828596
INN33944,0.24935879
INN16473,0.03750212
INN12894,0.5188511
INN07871,0.56631637
INN26370,0.08308276
INN15429,0.42195997
INN29695,0.15056524
INN07730,0.36891884
INN20967,0.5671919
INN12167,0.29246792
INN14935,0.028554885
INN28393,0.36811015
INN32532,0.5182151
INN27721,0.28007063
INN01044,0.11665761
INN02214,0.35831922
INN14559,0.3199262
INN15861,0.31701985
INN13469,0.060347307
INN30703,0.4216812
INN14871,0.012844804
INN18238,0.6749272
INN02831,0.009702922
INN00005,0.51237935
INN27320,0.5156309
INN11686,0.0028179942
INN11477,0.62144226
INN32675,0.317903
INN12903,0.49807376
INN25043,0.62260616
INN12285,0.052680604
INN19037,0.41148692
INN03387,0.10716924
INN24586,0.58971494
INN00648,0.62118906
INN12755,0.6261675
INN06225,0.6135319
INN13565,0.6662887
INN10995,0.5161799
INN27411,0.2689018
INN06149,0.67112565
INN26862,0.1254708
INN32602,0.004561082
INN25687,0.161948
INN03106,0.0042428602
INN07271,0.5304829
INN03821,0.041319024
INN19091,0.34691676
INN21536,0.25022534
INN28612,0.31058455
INN26157,0.17225212
INN33086,0.23627912
INN26261,0.18063739
INN20034,0.4963832
INN09303,0.62932897
INN20572,0.06507756
INN29844,0.09167674
INN22132,0.67756474
INN30805,0.37376407
INN21744,0.62534714
INN25598,0.27418327
INN32885,0.6876367
INN17302,0.12732944
INN31635,0.25666466
INN17665,0.5877987
INN32095,0.41448867
INN14056,0.32957256
INN31957,0.5515562
INN28070,0.04521759
INN12833,0.34387445
INN28104,0.23054545
INN22110,0.052056823
INN35077,0.32973084
INN21817,0.29870155
INN23139,0.26163867
INN30986,0.53481346
INN34508,0.14655747
INN03579,0.066329665
INN22637,0.41446143
INN33947,0.29797602
INN10147,0.40132672
INN28106,0.2310757
INN29373,0.06455191
INN14919,0.604452
INN09779,0.02551811
INN19411,0.19510876
INN10802,0.0004354437
INN15189,0.57406
INN09431,0.37826407
INN14783,0.024646468
INN02297,0.9565376
INN15057,0.034908507
INN17582,0.021424212
INN26551,0.7732082
INN01189,0.13338497
INN20730,0.06939065
INN34027,0.33262914
INN02465,0.48221242
INN13760,0.9139295
INN27410,0.6241668
INN19084,0.36288792
INN17606,0.14518818
INN06848,0.13982365
INN07823,0.35395342
INN29308,0.0120376125
INN24674,0.094289325
INN11571,0.42785573
INN10124,0.4641609
INN04266,0.36288792
INN16580,0.53689295
INN35583,0.070119336
INN21209,0.45842013
INN25774,0.27611953
INN18026,0.00025691677
INN22905,0.67482
INN03161,0.026586141
INN36021,0.10880637
INN00609,0.07943606
INN07535,0.2616312
INN00929,0.8399217
INN11001,0.10510332
INN02278,0.10383698
INN01347,0.62175846
INN07647,0.75066286
INN06861,0.20748618
INN21031,0.69999564
INN12783,0.012777051
INN18964,0.0021405637
INN20154,0.25735697
INN21860,0.45385414
INN14823,0.19576105
INN21659,0.16607219
INN11041,0.3112059
INN33890,0.3767313
INN05343,0.11067811
INN04422,0.02540371
INN10469,0.33077595
INN10091,0.28148282
INN11675,0.45368803
INN27159,0.15251803
INN28149,0.06995502
INN04856,0.22075997
INN19721,0.0019904124
INN27345,0.12526663
INN07328,0.1367309
INN06165,0.23815638
INN32975,0.18120478
INN13868,0.0013348153
INN06495,0.034253012
INN25591,0.22245803
INN03105,0.056171466
INN27764,0.20818041
INN33087,0.025021506
INN18680,0.5894327
INN22037,0.51433593
INN03350,0.48287424
INN01484,0.2541924
INN31062,0.99259937
INN03793,0.2701222
INN05741,0.36580342
INN07760,0.17570129
INN12597,0.7003244
INN14626,0.0039851116
INN05534,0.9669028
INN31295,0.21847625
INN15666,0.24296609
INN01399,0.27231684
INN19121,0.5331009
INN08575,0.41657495
INN13888,0.27573293
INN16029,0.13714531
INN03915,0.05398453
INN01759,0.63181144
INN11190,0.31867227
INN30930,0.19860019
INN10633,0.34548858
INN11830,0.12848198
INN31859,0.25581422
INN08726,0.018847026
INN08356,0.5689699
INN15269,0.21467252
INN32713,0.5753868
INN21514,0.20448515
INN08286,0.5360167
INN01794,0.59322685
INN29226,0.22477579
INN06232,0.19220383
INN12910,0.36326787
INN03212,0.008011111
INN33806,0.36346865
INN04731,0.28187957
INN16249,0.021351514
INN21735,0.25061315
INN10889,0.06686385
INN15160,0.44005743
INN26360,0.3510755
INN28342,0.5955215
INN30011,0.034443762
INN08921,0.53871316
INN26772,0.56646824
INN07725,0.013072932
INN01417,0.080529846
INN34306,0.3250743
INN07095,0.35467702
INN33289,0.025275845
INN33717,0.2920818
INN09173,0.5604819
INN05461,0.504275
INN13846,0.23868842
INN03634,0.11548662
INN18737,0.81264865
INN17282,0.70074964
INN23708,0.49577147
INN22796,0.045931842
INN28599,0.4289716
INN19033,0.1032324
INN33974,0.7218513
INN19392,0.43107823
INN25166,0.59282845
INN36149,0.062996954
INN27332,0.3053227
INN04161,0.02496554
INN18666,0.6333836
INN11794,0.31598493
INN30938,0.77411956
INN29569,0.6038797
INN01254,0.25831524
INN00312,0.108095616
INN27364,0.14270589
INN11779,0.40338594
INN31181,0.7547166
INN06435,0.2617784
INN24897,0.09631674
INN25382,0.0898555
INN32333,0.38670838
INN12540,0.49435133
INN13784,0.44746196
INN34042,0.5856913
INN14472,0.4524899
INN08980,0.59561086
INN07595,0.585348
INN31229,0.5287136
INN30194,0.545251
INN17572,0.4503798
INN22518,0.21349585
INN13915,0.07867004
INN27096,0.38997808
INN07500,0.375723
INN21463,0.30480725
INN18862,0.12398659
INN06044,0.1691242
INN04153,0.22007668
INN14565,0.09941749
INN12084,0.085557416
INN06253,0.62706363
INN06525,0.7894572
INN20078,0.510738
INN15413,0.3807193
INN26751,0.24458663
INN26664,0.35316578
INN29697,0.023752812
INN27787,0.6145704
INN35537,0.46592894
INN20271,0.06012357
INN15212,0.5522841
INN17708,0.54877496
INN17092,0.49242723
INN30049,0.44770217
INN23687,0.64499366
INN25208,0.7626865
INN11083,0.63272107
INN23578,0.5563453
INN21648,0.5219924
INN15354,0.20287028
INN20302,0.11457146
INN14687,0.19650048
INN01772,0.3562207
INN18645,0.4158825
INN16471,0.3571463
INN22503,0.36505312
INN06897,0.16882467
INN01488,0.5567873
INN00968,0.41544512
INN21604,0.03683373
INN09565,0.3641202
INN11809,0.0016435471
INN12851,0.48044586
INN11752,0.4079835
INN22811,0.45314732
INN11828,0.356082
INN25434,0.05742874
INN01830,0.43759438
INN32493,0.41149148
INN21528,0.7011731
INN27401,0.41663164
INN16663,0.39307824
INN31078,0.044528555
INN15794,0.24854943
INN09041,0.060226854
INN00014,0.08898355
INN00994,0.7029905
INN33300,0.3342887
INN23086,0.37428796
INN01053,0.25092465
INN25665,0.42254996
INN22213,0.007110358
INN04772,0.8580262
INN01292,0.3774044
INN01787,0.0006940676
INN28443,0.048574254
INN20527,0.60181934
INN12201,0.012162205
INN11734,0.6198478
INN15896,0.28416562
INN06046,0.4477834
INN31727,0.30925483
INN10280,0.503578
INN30182,0.11768678
INN07581,0.3620481
INN08526,0.44984478
INN17076,0.5193842
INN26619,0.32783607
INN33459,0.018469447
INN00711,0.6038115
INN10573,0.422797
INN06530,0.482688
INN24522,0.05672737
INN33391,0.76815784
INN30899,0.24456155
INN04904,0.6894794
INN11975,0.12006948
INN13244,0.4341373
INN15835,0.039051693
INN06536,0.3116037
INN28936,0.0061234427
INN27895,0.2712957
INN13925,0.9599479
INN10414,0.3931465
INN08241,0.5444191
INN22131,0.46000627
INN08257,0.11792865
INN08179,0.15144159
INN30079,0.038710468
INN19609,0.44944987
INN04204,0.17019056
INN06182,0.31081486
INN05158,0.5372189
INN18868,0.3105657
INN32129,0.011046715
INN24929,0.63774383
INN20278,0.14092888
INN02309,0.24236283
INN27958,0.5115268
INN18482,0.27410123
INN09705,0.15112852
INN35408,0.004860929
INN25211,0.5404666
INN08867,0.31210482
INN07092,0.35653132
INN03129,0.57845145
INN23103,0.99507165
INN34453,0.36380348
INN17996,0.20635413
INN19550,0.3170889
INN32198,0.025574137
INN23331,0.11319308
INN11964,0.50752264
INN32429,0.05486161
INN06613,0.09593782
INN29369,0.8420693
INN33177,0.35450128
INN21451,0.10488251
INN24232,0.514177
INN29257,0.4704212
INN33125,0.0020472724
INN30008,0.30185902
INN01577,0.4806313
INN14804,0.1674774
INN19894,0.36208528
INN25826,0.108236395
INN20993,0.6134643
INN26481,0.0016669766
INN06205,0.041302886
INN24839,0.335247
INN19265,0.40619147
INN25357,0.1956375
INN32059,0.28195253
INN24449,0.759231
INN06754,0.17679964
INN12661,0.64836603
INN30339,0.055501927
INN34182,0.18329582
INN28913,0.3689368
INN16675,0.1465498
INN30771,0.59951645
INN22569,0.17008187
INN17910,0.83554333
INN28805,0.026387265
INN19610,0.8917991
INN21380,0.10678174
INN07396,0.42811924
INN22330,0.42627892
INN04919,0.1451804
INN24343,0.30626154
INN09384,0.11782244
INN16384,0.16925114
INN34628,0.27118722
INN29233,0.13939045
INN33456,0.4116914
INN27047,0.4199308
INN29459,0.43123105
INN09050,0.37922046
INN05190,0.47958428
INN27189,0.0019801003
INN05326,0.0059513487
INN11283,0.31102577
INN15781,0.3662736
INN22683,0.17777693
INN18205,0.040637724
INN20681,0.39016455
INN25047,0.95361817
INN23218,0.5147678
INN31436,0.38225147
INN23857,0.031115806
INN27337,0.13933653
INN22461,0.29513174
INN30544,0.00085882074
INN20508,0.30708712
INN32547,0.12952909
INN12369,0.43602145
INN16786,0.22781858
INN28394,0.3676959
INN33558,0.44595158
INN17441,0.2091033
INN15467,0.19011402
INN21487,0.39413527
INN00201,0.53883743
INN05125,0.42559692
INN30297,0.39421484
INN35669,0.21515293
INN19689,0.3878336
INN17522,0.20224784
INN36190,0.59550995
INN00397,0.2891797
INN29780,0.80926675
INN13174,0.011740207
INN22510,0.56076753
INN13530,0.033353094
INN29445,0.70412374
INN25576,0.13016836
INN20569,0.16008218
INN18506,0.40670076
INN13303,0.43415272
INN07801,0.06890416
INN13313,0.47300875
INN28086,0.50489444
INN35033,0.07417104
INN13794,0.007560507
INN04640,0.16719435
INN09038,0.095667884
INN02446,0.5710719
INN09799,0.24865378
INN02744,0.35073388
INN34846,0.36397785
INN20175,0.20136695
INN30620,0.15876436
INN13706,0.24249898
INN00370,0.96393305
INN19826,0.028429162
INN31429,0.18367282
INN14281,0.8943019
INN15321,0.29738054
INN20356,0.12116963
INN11223,0.3645282
INN28350,0.66134715
INN36076,0.040842958
INN10748,0.13742737
INN19671,0.6640959
INN04293,0.014174752
INN36045,0.6543666
INN18866,0.032422584
INN18419,0.5834537
INN33617,0.15945397
INN14805,0.19492024
INN33916,0.11150416
INN29752,0.5724409
INN01576,0.008234899
INN31272,0.45741495
INN15986,0.15237051
INN22353,0.029542789
INN20745,0.47389475
INN10960,0.27798823
INN25148,0.08153476
INN00897,0.012027925
INN18235,0.47634965
INN12366,0.47629336
INN23551,0.057343736
INN35039,0.40162042
INN22231,0.12952909
INN13798,0.5886417
INN00698,0.06656223
INN13340,0.007733668
INN11181,0.20856772
INN31128,0.56863123
INN32795,0.3814373
INN25780,0.21712162
INN19228,0.5847339
INN26489,0.39215523
INN03101,0.30421394
INN29307,0.3187685
INN31317,0.2620616
INN32501,0.2974303
INN01349,0.5686521
INN30360,0.42512017
INN31053,0.26629537
INN19833,0.4640195
INN11715,0.00075355824
INN31307,0.16896088
INN34080,0.32672924
INN25076,0.61815655
INN27754,0.30447206
INN28222,0.47278324
INN05771,0.20348625
INN12086,0.21005082
INN11855,0.5185359
INN18153,0.4691975
INN22559,0.36333415
INN03733,0.43687963
INN29881,0.4973077
INN36151,0.5408462
INN30887,0.54134566
INN35274,0.18166615
INN30693,0.13725315
INN19647,0.48448434
INN29723,0.7406006
INN25329,0.8250025
INN34566,0.46820918
INN31178,0.015971826
INN08569,0.2105111
INN03699,0.4703536
INN02593,0.22266169
INN28954,0.22855863
INN35980,0.08935405
INN26914,0.21081282
INN06096,0.20265158
INN00481,0.37568808
INN28207,0.7578505
INN14447,0.895563
INN02858,0.13408668
INN13239,0.12082654
INN34502,0.000594487
INN20205,0.010640006
INN08841,0.043207396
INN15273,0.4964543
INN12860,0.42139494
INN30041,0.0028925324
INN33654,0.26738167
INN02044,0.5945833
INN28276,0.027771471
INN35826,0.4237356
INN03287,0.22887991
INN03827,0.42731723
INN05027,0.3278487
INN06748,0.047177438
INN07776,0.009726767
INN32164,0.1568318
INN08478,0.3761589
INN08613,0.059770737
INN28548,0.4505456
INN02956,0.36628127
INN29839,0.4975943
INN31989,0.37146637
INN14178,0.23485854
INN17914,0.13231768
INN32650,0.3535369
INN07110,0.84323704
INN06269,0.1248681
INN06866,0.0939177
INN16182,0.02054374
INN14911,0.14013666
INN03804,0.48652402
INN26544,0.025406243
INN07242,0.20219551
INN01808,0.5632339
INN13625,0.8287217
INN31355,0.40718496
INN02208,0.53814524
INN16046,0.012780805
INN09898,0.07491664
INN06907,0.37936664
INN06664,0.43389872
INN01279,0.08267875
INN17056,0.716148
INN05293,0.42078543
INN27348,0.4679445
INN09745,0.48253685
INN01877,0.57299596
INN06880,0.47879866
INN17939,0.942035
INN16097,0.2014417
INN11473,0.27442992
INN25909,0.73046035
INN08038,0.00061484484
INN10824,0.01816828
INN11770,0.17042683
INN03064,0.13211347
INN11036,0.5898942
INN22993,0.23056953
INN35598,0.3864869
INN33101,0.75432307
INN23160,0.49524194
INN26122,0.76885474
INN26209,0.31278118
INN36260,0.039038096
INN31561,0.27422914
INN06419,0.21018878
INN01271,0.43604866
INN34294,0.31826735
INN26646,0.69769746
INN01091,0.3462088
INN15903,0.035708174
INN18471,0.1804112
INN14119,0.36522785
INN01865,0.62958384
INN27934,0.46150517
INN05750,0.27615878
INN19115,0.2853391
INN05733,0.79713583
INN24293,0.5527942
INN09117,0.34538442
INN36212,0.027974114
INN19608,0.045218658
INN06015,0.07240264
INN17437,0.9287373
INN03068,0.019573336
INN14219,0.78820056
INN30069,0.23528282
INN00087,0.2912563
INN18876,0.69145435
INN18998,0.6863501
INN05611,0.8179242
INN03726,0.27862146
INN28970,0.16093978
INN05706,0.34918702
INN07546,0.5609931
INN29366,0.5123322
INN35250,0.17180766
INN22606,0.44549885
INN02880,0.15582906
INN03452,0.12952909
INN08815,0.953544
INN04220,0.17790718
INN13149,0.10781824
INN25804,0.11159993
INN07213,0.15485112
INN31443,0.2852084
INN00280,0.20727128
INN25871,0.62276804
INN22812,0.18177669
INN07306,0.327206
INN30960,0.26380447
INN21965,0.44743967
INN03357,0.28710613
INN29731,0.24526115
INN04449,0.19792365
INN08022,0.37475955
INN30254,0.35883003
INN06207,0.35667184
INN01733,0.06401599
INN35954,0.3494474
INN34967,0.035299633
INN02981,0.30683297
INN27793,0.025697634
INN21486,0.51276076
INN24888,0.5415385
INN15482,0.22156058
INN02305,0.65691143
INN20805,0.44417766
INN22183,0.0753998
INN25101,0.37667072
INN32028,0.22573444
INN35222,0.6139038
INN12670,0.114865966
INN16939,0.036608405
INN16187,0.33471635
INN03220,0.5449863
INN16918,0.15707676
INN00619,0.16213167
INN26665,0.10816653
INN32778,0.34302345
INN21441,0.019692456
INN03654,0.37003756
INN09862,0.360237
INN20968,0.43902925
INN07758,0.47545272
INN08275,0.043741673
INN34899,0.51017416
INN00252,0.044558268
INN03194,0.12496809
INN25634,0.09569715
INN12378,0.55123717
INN03777,0.0838802
INN35293,0.5802899
INN11509,0.0010888863
INN15686,0.04565106
INN18460,0.025583152
INN04083,0.2214634
INN12189,0.6155037
INN04470,0.20048396
INN02953,0.3352005
INN26233,0.19978242
INN28565,0.19262311
INN34192,0.115301415
INN03781,0.61515385
INN09193,0.12796465
INN29001,0.13722134
INN21983,0.024273941
INN22129,0.05738355
INN23319,0.6347348
INN23497,0.2834177
INN01228,0.026691495
INN32590,0.25902405
INN06627,0.56596786
INN18465,0.33808026
INN35129,0.2073177
INN31825,0.6201328
INN00735,0.18077059
INN06420,0.3378852
INN16090,0.5066005
INN09332,0.0018446504
INN04572,0.08286713
INN16275,0.18394884
INN21229,0.0019223071
INN08591,0.042827033
INN10595,0.3852309
INN35670,0.44696438
INN23451,0.64957035
INN03620,0.19346164
INN36055,0.18028487
INN19280,0.47264728
INN03054,0.18674634
INN23209,0.49301437
INN23766,0.084032185
INN32992,0.5451424
INN35468,0.20229147
INN00832,0.46166092
INN15193,0.88514477
INN35401,0.28862232
INN29297,0.14916669
INN16368,0.18106277
INN26324,0.15795441
INN28323,0.39359647
INN10360,0.11099625
INN14077,0.22212544
INN11496,0.24815847
INN36177,0.21451817
INN23694,0.83040136
INN09153,0.13174593
INN21356,0.4916594
INN06395,0.20532791
INN05012,0.5114573
INN28990,0.43321866
INN12904,0.11830947
INN31486,0.62236685
INN26345,0.2516115
INN20550,0.4610923
INN02868,0.46608835
INN33741,0.53313726
INN06947,0.029032929
INN23620,0.44721866
INN22460,0.65818006
INN12601,0.9054656
INN08238,0.19661601
INN35839,0.7024314
INN28392,0.029244205
INN19730,0.27456892
INN01183,0.15720053
INN27699,0.646429
INN20538,0.59931034
INN00218,0.255818
INN30316,0.26938522
INN18017,0.40250343
INN02035,0.81870323
INN06736,0.3408195
INN11294,0.024925433
INN28660,0.4186823
INN25900,0.30884948
INN02238,0.568544
INN15287,0.033487596
INN25654,0.25080624
INN30602,0.54901904
INN11646,0.084788024
INN00944,0.051190972
INN22063,0.5275355
INN03426,0.4170201
INN30800,0.21209738
INN28202,0.43902925
INN33606,0.25346813
INN17637,0.5438888
INN29879,0.18836707
INN25263,0.15663758
INN19843,0.54078555
INN28963,0.46056655
INN32869,0.37638688
INN08148,0.35507232
INN05663,0.008804136
INN24538,0.12653625
INN07561,0.5443223
INN08147,0.42327622
INN27518,0.18218969
INN34572,0.14097293
INN30629,0.36797428
INN27860,0.008427011
INN19380,0.025939863
INN35840,0.61103797
INN14161,0.18486549
INN01797,0.24232703
INN11547,0.56995916
INN01617,0.7701795
INN08518,0.52567685
INN08221,0.10999453
INN25723,0.5001204
INN13333,0.35390013
INN04811,0.5029138
INN22770,0.33808026
INN25656,0.4453979
INN15169,0.5194994
INN08556,0.73960847
INN08505,0.41892794
INN08294,0.2579625
INN22013,0.33674946
INN34888,0.20034085
INN20297,0.28916237
INN12053,0.43631455
INN17984,0.07890005
INN23405,0.19737816
INN14302,0.0029065872
INN31286,0.4900615
INN31745,0.21407394
INN33014,0.23927414
INN29558,0.13102138
INN02134,0.18226717
INN19768,0.1296447
INN21503,0.036638148
INN22662,0.19422698
INN13374,0.2627624
INN22056,0.5867186
INN20443,0.4488232
INN11276,0.4716758
INN13951,0.031082239
INN04852,0.010751232
INN29466,0.18823142
INN09352,0.17788018
INN22088,0.526703
INN01403,0.46985558
INN06294,0.0019387899
INN32512,0.15137853
INN18553,0.4714536
INN28265,0.4787157
INN20169,0.7715634
INN29680,0.61761963
INN21297,0.27369758
INN35889,0.25073102
INN33011,0.11011421
INN15538,0.22587001
INN18137,0.027355762
INN34302,0.15322922
INN25575,0.3649784
INN13828,0.15949276
INN17842,0.57895887
INN10994,0.38263047
INN04456,0.5304013
INN33170,0.13600172
INN10727,0.6329839
INN21876,0.18222378
INN31035,0.5743273
INN27280,0.47727868
INN36112,0.11845468
INN10985,0.07618077
INN15135,0.5073309
INN19975,0.63280845
INN01838,0.0491212
INN27338,0.2140311
INN10071,0.41657495
INN20524,0.59793663
INN29843,0.19085649
INN10370,0.10278714
INN06757,0.08125979
INN10425,0.013325198
INN13790,0.0014688853
INN22002,0.19444646
INN07887,0.71972483
INN33054,0.3878336
INN23503,0.106753185
INN23102,0.12540442
INN35800,0.17523897
INN18407,0.7098603
INN04914,0.33643845
INN04035,0.61685896
INN09903,0.56629604
INN35145,0.19801322
INN13115,0.70661354
INN34044,0.35088426
INN32678,0.29298234
INN03243,0.4059939
INN29283,0.116721526
INN30124,0.54074776
INN21350,0.17786005
INN35395,0.1103458
INN24495,0.3579434
INN31683,0.53370667
INN03590,0.50702155
INN04986,0.91773
INN21194,0.12983556
INN03379,0.13863704
INN21636,0.65326893
INN16805,0.48067692
INN30078,0.20593728
INN14898,0.4406147
INN26369,0.25933653
INN04593,0.21454978
INN16852,0.12771344
INN00442,0.24203573
INN03834,0.17869654
INN20398,0.32854822
INN12628,0.2604364
INN04281,0.34786096
INN23548,0.54770744
INN25232,0.45356253
INN05344,0.4814466
INN10300,0.69282484
INN21157,0.5312867
INN23840,0.44218642
INN33102,0.2712843
INN28335,0.028635025
INN02301,0.66787034
INN31863,0.5597056
INN12571,0.47324166
INN06731,0.26519305
INN34378,0.52371716
INN32274,0.43884727
INN09524,0.177602
INN27728,0.12851505
INN01340,0.09221227
INN07295,0.3618824
INN12485,0.31888846
INN15760,0.32715026
INN35841,0.030100964
INN19904,0.046260346
INN27108,0.62829876
INN26519,0.2958767
INN07071,0.486927
INN12987,0.12042435
INN13296,0.6018049
INN28714,0.3667367
INN14914,0.7120482
INN09073,0.92428994
INN28036,0.20262624
INN28669,0.3315119
INN12494,0.037267596
INN14561,0.90125835
INN01641,0.09365849
INN21308,0.09266811
INN21295,0.8069172
INN25266,0.1277817
INN29481,0.69567806
INN06187,0.2504673
INN17897,0.6753703
INN31426,0.51526695
INN17252,0.06790338
INN28053,0.08769733
INN03943,0.36295706
INN23982,0.254593
INN28710,0.80319726
INN25372,0.7266355
INN27257,0.13271351
INN06552,0.45170966
INN12139,0.48073348
INN10792,0.6714286
INN24388,0.6218749
INN32241,0.85963726
INN11029,0.4291495
INN29791,0.017121695
INN14582,0.014516644
INN18340,0.1746195
INN00197,0.15739988
INN07881,0.39105895
INN11544,0.35065666
INN27635,0.5158766
INN07948,0.26816323
INN24136,0.53562194
INN19906,0.48500037
INN17955,0.8488263
INN00734,0.61892605
INN21500,0.28403476
INN29263,0.04574755
INN08291,0.6961938
INN24626,0.60365325
INN16695,0.0061444486
INN27740,0.16704734
INN32461,0.010456517
INN23606,0.38174352
INN07290,0.17735054
INN04286,0.031821147
INN27542,0.043321233
INN07337,0.044078916
INN09996,0.16156678
INN16342,0.6239727
INN00625,0.13683124
INN12537,0.45290267
INN35355,0.4376355
INN25977,0.4333718
INN30578,0.026373137
INN17368,0.22725265
INN11431,0.32264006
INN33249,0.45312417
INN19100,0.4349396
INN01595,0.20211327
INN10277,0.017039966
INN24900,0.09161674
INN29299,0.22602753
INN21748,0.57933223
INN19761,0.021873781
INN21139,0.4859397
INN06593,0.028151678
INN22086,0.01838223
INN23023,0.47604316
INN25660,0.56141734
INN28824,0.37113306
INN25022,0.5928911
INN21787,0.55817676
INN34357,0.44540662
INN02072,0.3663661
INN06761,0.69155157
INN00458,0.39884314
INN27552,0.4716667
INN06586,0.002309782
INN32235,0.017205397
INN10422,0.37737638
INN17978,0.27886713
INN18635,0.44322994
INN34148,0.18905228
INN24962,0.45434943
INN21429,0.5462707
INN07304,0.48270297
INN09739,0.5445899
INN05347,0.37379017
INN32015,0.103099234
INN34147,0.07402777
INN15045,0.09501305
INN10658,0.4037929
INN13053,0.5065407
INN24062,0.109499134
INN35881,0.15522996
INN25132,0.2778801
INN35132,0.96356523
INN26847,0.121859655
INN05479,0.06392641
INN24964,0.23892634
INN17412,0.098757565
INN20966,0.5798509
INN32721,0.2865752
INN30437,0.28923067
INN08500,0.20402402
INN16398,0.6134643
INN32901,0.27462202
INN32622,0.4791489
INN14454,0.0020201884
INN01682,0.24302202
INN12981,0.11280822
INN10344,0.014675979
INN25320,0.4463141
INN04238,0.4436724
INN23944,0.549063
INN16766,0.2904777
INN26301,0.33708075
INN12779,0.1996009
INN23193,0.1832212
INN30795,0.74409
INN32268,0.5968868
INN04420,0.5916309
INN04557,0.25351593
INN13489,0.13176176
INN00567,0.3518332
INN21915,0.5403094
INN25295,0.384717
INN19136,0.9883937
INN02753,0.7830274
INN02961,0.15883045
INN32950,0.08042204
INN10922,0.3733664
INN20202,0.5768545
INN33076,0.781799
INN30820,0.21223481
INN22074,0.33777314
INN28659,0.2979804
INN01449,0.5119508
INN09762,0.16212536
INN18042,0.13188197
INN22221,0.19859372
INN18796,0.4392484
INN28169,0.18332107
INN32251,0.014580735
INN08280,0.3125472
INN26323,0.37901807
INN08484,0.57993543
INN02677,0.07235309
INN01378,0.37200135
INN19127,0.20311235
INN34194,0.2852433
INN31245,0.48750898
INN24117,0.70842826
INN11129,0.17253613
INN02300,0.5510975
INN08846,0.70528734
INN10429,0.33654767
INN23308,0.5294335
INN28992,0.38316143
INN14325,0.053337697
INN17380,0.16615501
INN34126,0.17257692
INN26977,0.06717707
INN23406,0.4729745
INN25152,0.6415843
INN29205,0.41115233
INN12089,0.14536892
INN23718,0.23776126
INN05173,0.26384735
INN18036,0.44586483
INN26667,0.296839
INN06003,0.09911998
INN20796,0.30168945
INN05019,0.14499359
INN29941,0.55482566
INN15571,0.07762438
INN01180,0.072125435
INN32242,0.77078027
INN13034,0.30365774
INN24803,0.47361007
INN32019,0.16302775
INN18329,0.0037271637
INN14284,0.3227077
INN23883,0.6133888
INN25643,0.6233348
INN30099,0.069751926
INN28682,0.10933834
INN07946,0.3902593
INN12427,0.11365192
INN21061,0.59763885
INN09677,0.23839898
INN04878,0.35556766
INN18915,0.11140352
INN34648,0.8236848
INN25201,0.20653953
INN17692,0.014195215
INN18594,0.5664012
INN30991,0.10141282
INN12239,0.06768621
INN19059,0.13633291
INN25491,0.24588856
INN18847,0.4285489
INN08355,0.037797496
INN33390,0.22468822
INN33807,0.21918751
INN28570,0.26975292
INN14778,0.50309175
INN08311,0.26084372
INN21158,0.36752003
INN19712,0.005076794
INN28463,0.6728169
INN33479,0.5617579
INN17929,0.55784273
INN24410,0.3453487
INN19111,0.01839582
INN10926,0.4804125
INN12288,0.020644296
INN06109,0.094606735
INN18271,0.008379265
INN25885,0.8602497
INN00759,0.26134264
INN18839,0.7630672
INN03567,0.21921621
INN34165,0.19468707
INN06984,0.34120554
INN05361,0.56965816
INN07205,0.32119727
INN04411,0.42622477
INN16621,0.14331587
INN12784,0.39102057
INN35911,0.28925204
INN19388,0.027321933
INN31232,0.0069685187
INN05860,0.22197254
INN34577,0.6325325
INN30864,0.61308575
INN19853,0.5315359
INN05922,0.37988552
INN09518,0.28498638
INN14387,0.020219538
INN18528,0.43098298
INN22863,0.45671347
INN31816,0.1967969
INN02276,0.09964274
INN15506,0.6016587
INN34694,0.54045516
INN07325,0.9034054
INN14448,0.11689156
INN21753,0.5955938
INN07025,0.24016687
INN26180,0.19673434
INN28084,0.56863123
INN10804,0.029915296
INN27432,0.26938522
INN04845,0.6486277
INN36022,0.18046242
INN33600,0.482133
INN27336,0.09146405
INN03221,0.36678812
INN05328,0.10716334
INN30192,0.13518359
INN30228,0.13485092
INN34071,0.5240098
INN32859,0.383489
INN04950,0.75677717
INN10036,0.78067625
INN16636,0.90706843
INN13757,0.540508
INN22308,0.959124
INN28384,0.5655624
INN20121,0.1647947
INN20258,0.11404081
INN21654,0.051951945
INN18869,0.17262901
INN36234,0.5088128
INN16070,0.6006074
INN22730,0.4149603
INN10477,0.6185839
INN03987,0.65023655
INN30774,0.6896352
INN11301,0.121499255
INN14041,0.09876951
INN15392,0.05507633
INN28241,0.7039465
INN19081,0.68990916
INN09415,0.54290026
INN14814,0.28454772
INN13036,0.37479395
INN19443,0.049012024
INN08134,0.48547277
INN26547,0.15323551
INN24069,0.33979926
INN34086,0.27459106
INN28584,0.46136105
INN14093,0.032713465
INN29594,0.71931976
INN19107,0.049499474
INN11866,0.508983
INN35232,0.041338954
INN21259,0.020913698
INN33072,0.36107093
INN15253,0.05155913
INN35055,0.12496749
INN08384,0.1215478
INN23294,0.46054307
INN33015,0.41379118
INN07307,0.6396722
INN20586,0.39549744
INN36223,0.28378382
INN32909,0.5493929
INN14422,0.2811094
INN11800,0.35681194
INN04520,0.02907972
INN03039,0.04271621
INN24994,0.5404817
INN31397,0.013910991
INN34324,0.2799408
INN30098,0.25535914
INN21525,0.24947438
INN20557,0.39862147
INN34433,0.787448
INN34445,0.46664217
INN08618,0.041054983
INN13439,0.5954309
INN11744,0.6089759
INN30108,0.121499255
INN22164,0.22024141
INN22904,0.9187876
INN19985,0.04247619
INN13518,0.03332982
INN22950,0.40058282
INN05882,0.5186555
INN06150,0.0061883726
INN24762,0.033553425
INN14453,0.26372096
INN27466,0.6043992
INN09622,0.5532466
INN17114,0.17379244
INN08825,0.0020798221
INN23540,0.56236255
INN08055,0.063199334
INN31756,0.10215456
INN32343,0.07354313
INN03932,0.6292769
INN04606,0.40647423
INN15579,0.11226278
INN07644,0.6850317
INN23602,0.39172488
INN26022,0.14569508
INN14635,0.37133265
INN16304,0.41337252
INN20916,0.123960465
INN19747,0.043505862
INN29647,0.11346641
INN11216,0.2727137
INN12656,0.5938683
INN20116,0.22350329
INN09993,0.47419938
INN13856,0.14510478
INN27661,0.13728689
INN31120,0.2933552
INN33345,0.6038115
INN22473,0.7147287
INN29183,0.34069845
INN04203,0.3407092
INN16622,0.07971252
INN07970,0.015726093
INN07918,0.61948425
INN23232,0.24903983
INN12435,0.45987484
INN25108,0.32255477
INN17432,0.45415568
INN28919,0.0361357
INN12262,0.12817769
INN31069,0.45842013
INN22797,0.30012494
INN35050,0.44038516
INN30690,0.58475333
INN14603,0.10902145
INN30204,0.117286496
INN23843,0.061381385
INN03489,0.315656
INN25854,0.9734883
INN12316,0.30723545
INN02438,0.26272538
INN12300,0.44223803
INN02136,0.10735778
INN25513,0.6233618
INN09713,0.5983437
INN14144,0.36479643
INN26700,0.0012862852
INN33907,0.12617712
INN13603,0.45385414
INN08529,0.9580203
INN03253,0.5415591
INN05810,0.6030887
INN02639,0.23717757
INN18443,0.31463042
INN09791,0.068431295
INN13376,0.1866857
INN32827,0.2793894
INN08780,0.2840174
INN00978,0.19302958
INN30689,0.55971694
INN34315,0.44513762
INN31388,0.45759517
INN20710,0.035255168
INN26955,0.49746388
INN34023,0.44992608
INN31097,0.19025315
INN35515,0.39913502
INN18308,0.055436384
INN11428,0.13564876
INN01241,0.06264348
INN17203,0.20770569
INN26041,0.0634527
INN09296,0.26960212
INN05698,0.036727928
INN31734,0.56820405
INN24264,0.19771312
INN21739,0.13960513
INN26434,0.63424766
INN32225,0.07952077
INN00703,0.13608703
INN04521,0.7152492
INN27938,0.49938315
INN35418,0.6652463
INN28071,0.42436862
INN24037,0.5201393
INN15742,0.40785205
INN17962,0.18980484
INN15365,0.25678277
INN34674,0.0048704715
INN09354,0.25674325
INN12620,0.4317616
INN11750,0.17223798
INN35346,0.6296935
INN24906,0.2127941
INN22790,0.3761265
INN15989,0.9674877
INN27138,0.22302596
INN32238,0.37607348
INN25872,0.10385125
INN31786,0.12086211
INN24795,0.3616534
INN08903,0.28373712
INN23374,0.4068183
INN19810,0.004074485
INN00378,0.00068390375
INN10332,0.60990095
INN01299,0.5312425
INN26384,0.3878336
INN22975,0.8253155
INN19211,0.4584533
INN27582,0.058274154
INN12310,0.3801186
INN28365,0.0009935398
INN08501,0.028880741
INN04519,0.21908876
INN30224,0.09080914
INN34810,0.6357291
INN14698,0.28932828
INN17497,0.08740587
INN11516,0.50040823
INN19754,0.2194571
INN01035,0.00037272365
INN10881,0.6374985
INN31963,0.19682215
INN05346,0.029660532
INN12291,0.42083186
INN17965,0.2745378
INN18307,0.18247345
INN02002,0.9096161
INN15326,0.30353174
INN36054,0.06274709
INN33578,0.59304607
INN31933,0.27051184
INN27984,0.4792187
INN12832,0.7854948
INN10854,0.15678687
INN29616,0.5096404
INN30086,0.75397253
INN18452,0.046965178
INN30924,0.11582096
INN03900,0.49606177
INN09452,0.2793621
INN01166,0.20728777
INN00345,0.35174933
INN09505,0.4049495
INN05677,0.124870285
INN03209,0.15537587
INN18408,0.18841547
INN25555,0.23382895
INN30851,0.2816605
INN00140,0.6656147
INN15985,0.13361697
INN24928,0.7042901
INN33083,0.08759562
INN30592,0.98800313
INN30928,0.5847339
INN04215,0.47613266
INN14403,0.24343453
INN12519,0.004155476
INN11558,0.23145695
INN08603,0.22060756
INN26960,0.11507196
INN31506,0.34637412
INN31849,0.5357958
INN10008,0.12516004
INN20647,0.47935307
INN06112,0.017749753
INN33684,0.3408855
INN34466,0.034195952
INN03646,0.41987783
INN05467,0.03432338
INN05253,0.6059266
INN03674,0.08964856
INN02230,0.6435891
INN28912,0.35651752
INN25051,0.15921453
INN19592,0.021086853
INN01283,0.13681448
INN32258,0.35713068
INN18499,0.02187767
INN01591,0.0063376008
INN18054,0.43310648
INN01795,0.2546637
INN10329,0.12667012
INN02875,0.14508702
INN05654,0.10457376
INN21522,0.09462746
INN21473,0.13357933
INN29998,0.21695818
INN22120,0.12119504
INN07639,0.23219356
INN10128,0.19654433
INN07192,0.44664901
INN25446,0.14863116
INN21904,0.13479282
INN12565,0.3144137
INN33042,0.53967094
INN28692,0.81193376
INN01847,0.14405915
INN04021,0.36652285
INN18655,0.44253477
INN18894,0.4657624
INN31293,0.29476815
INN02443,0.0024596972
INN11512,0.54969347
INN29728,0.10182973
INN25791,0.55535424
INN18357,0.33267748
INN15539,0.20161743
INN04385,0.6174706
INN01737,0.4005604
INN28238,0.044275258
INN00120,0.009633552
INN25913,0.13569956
INN23073,0.036823742
INN33392,0.0059658457
INN05200,0.03714991
INN16065,0.02113905
INN11905,0.28208858
INN19079,0.41360095
INN29641,0.90764517
INN06482,0.18633564
INN24087,0.8184068
INN22052,0.0028640453
INN02118,0.5322753
INN20593,0.27920243
INN09566,0.30142125
INN33811,0.8629453
INN32025,0.6753437
INN01198,0.0055203517
INN06282,0.39693886
INN01669,0.08756731
INN35477,0.19214864
INN16316,0.9422174
INN11998,0.03566447
INN00518,0.10070062
INN18955,0.03518853
INN29370,0.018190391
INN30510,0.21334814
INN28892,0.006051241
INN28422,0.2701222
INN06886,0.057301726
INN31478,0.08331942
INN04507,0.03322238
INN28884,0.0025848758
INN01073,0.53357583
INN28628,0.107545465
INN05716,0.57944125
INN01276,0.13331287
INN09559,0.49597034
INN02296,0.0068873516
INN03602,0.6970586
INN13063,0.0057073818
INN08041,0.04934219
INN05551,0.3112707
INN04825,0.20799161
INN02745,0.059342377
INN30083,0.46830118
INN10789,0.36607286
INN25968,0.16936177
INN29437,0.10923453
INN09271,0.9535903
INN01931,0.48115063
INN13611,0.03866718
INN20221,0.3847981
INN30009,0.62109894
INN02526,0.73134655
INN29142,0.21912642
INN00641,0.22306952
INN27405,0.48344743
INN35990,0.2808973
INN05842,0.039802823
INN04347,0.24042583
INN05684,0.54633373
INN30541,0.49318156
INN26277,0.27631414
INN26982,0.52837145
INN25581,0.4234616
INN18247,0.4133503
INN02625,0.5962745
INN09986,0.23629008
INN27215,0.5310645
INN29584,0.20876545
INN12948,0.51466405
INN20022,0.15089205
INN02159,0.16787903
INN19291,0.25864172
INN33179,0.10611007
INN22026,0.32392752
INN10507,0.3758701
INN00242,0.21401288
INN28114,0.26848033
INN07498,0.34860682
INN03266,0.0110788345
INN35066,0.17981674
INN15772,0.28780857
INN12408,0.55033255
INN25020,0.3121641
INN07302,0.62878215
INN10138,0.006469464
INN17202,0.4907262
INN04738,0.38194352
INN05712,0.42511016
INN26518,0.4179976
INN06927,0.596945
INN32642,0.47711357
INN15177,0.31616482
INN23355,0.6251174
INN21580,0.18243
INN10371,0.5480068
INN29276,0.552806
INN21716,0.4404859
INN05357,0.06545901
INN35131,0.39899498
INN08762,0.30670735
INN35806,0.08103713
INN30402,0.79615617
INN16056,0.30259228
INN08427,0.30246654
INN24824,0.00035692402
INN35245,0.42981353
INN01001,0.6496856
INN34187,0.14889725
INN14193,0.019856922
INN06216,0.60209745
INN16613,0.17502478
INN15519,0.15921453
INN05355,0.17745811
INN07865,0.47540185
INN15138,0.06711748
INN07031,0.11459041
INN10039,0.540918
INN12734,0.16252273
INN23281,0.15751341
INN14223,0.48637405
INN04230,0.11262738
INN21010,0.58735317
INN28818,0.44394156
INN05713,0.12412656
INN17391,0.20502637
INN13593,0.2042209
INN20576,0.26472417
INN30053,0.057571262
INN33273,0.046071023
INN02532,0.44570544
INN02762,0.3044108
INN06716,0.04153868
INN13197,0.5597575
INN05755,0.23604965
INN17828,0.29708266
INN20741,0.30019683
INN19877,0.5484159
INN27164,0.69083285
INN02096,0.26805526
INN14984,0.89338136
INN03050,0.49203312
INN17118,0.4780496
INN00953,0.07779494
INN05825,0.504414
INN29304,0.7067697
INN09932,0.1397298
INN29461,0.13840677
INN01663,0.12657697
INN07029,0.4214013
INN18552,0.5873306
INN18218,0.39597327
INN07719,0.24316333
INN20276,0.66218454
INN21284,0.45833036
INN31518,0.23142847
INN18930,0.5493142
INN09441,0.57564545
INN32312,0.5612007
INN20041,0.4053289
INN09147,0.027645167
INN12864,0.7032764
INN05658,0.11368866
INN29544,0.60732067
INN34586,0.04788982
INN28755,0.027766157
INN34351,0.15888679
INN10753,0.11323942
INN32320,0.17463282
INN16031,0.096535854
INN23533,0.019673688
INN18436,0.00843185
INN11748,0.7061674
INN20571,0.2596116
INN27896,0.21282092
INN34188,0.236754
INN07894,0.26881748
INN29385,0.47879866
INN01521,0.033070218
INN20732,0.48523945
INN01244,0.21305102
INN25379,0.004284156
INN01556,0.43552884
INN33891,0.019508068
INN07034,0.47614217
INN11659,0.6980012
INN29759,0.19319573
INN23813,0.029148037
INN26495,0.68247736
INN09933,0.6686681
INN01890,0.44996598
INN01115,0.12655564
INN18537,0.060801376
INN03930,0.111693785
INN34495,0.5920448
INN24891,0.28798017
INN19047,0.13929707
INN11793,0.57926345
INN08858,0.19818091
INN02449,0.09598502
INN22545,0.43697485
INN01872,0.077808775
INN18539,0.5079593
INN24026,0.21992038
INN18290,0.6079384
INN12610,0.5647699
INN04651,0.903373
INN14153,0.20469461
INN21721,0.14192453
INN08212,0.000948671
INN13170,0.033900086
INN08477,0.19487582
INN17116,0.39894584
INN24240,0.7526835
INN21255,0.11644598
INN33433,0.40911594
INN34076,0.04446342
INN09364,0.14460799
INN15349,0.0207671
INN10728,0.7089033
INN16356,0.24646182
INN08102,0.004443985
INN08226,0.02764629
INN34132,0.12840554
INN10981,0.3693031
INN28034,0.40073094
INN05988,0.03541767
INN28594,0.2638044
INN13538,0.050907012
INN17266,0.47389475
INN09539,0.33503345
INN22872,0.64533734
INN20123,0.20799983
INN28069,0.08266141
INN02579,0.18005575
INN33231,0.2444872
INN11859,0.38976583
INN34506,0.16585867
INN24319,0.3389602
INN16510,0.16895571
INN24186,0.17510328
INN08271,0.38860565
INN06804,0.0004345311
INN21874,0.63814515
INN19982,0.1476332
INN05639,0.13938785
INN09329,0.00035942416
INN08046,0.029388875
INN16000,0.046328988
INN35415,0.42070445
INN30150,0.58568025
INN19351,0.258722
INN15342,0.2450073
INN24331,0.58804184
INN05976,0.08395127
INN17763,0.40804315
INN14665,0.3156043
INN09709,0.4938239
INN12039,0.52081054
INN23876,0.46091282
INN27822,0.9173889
INN00992,0.37364006
INN33222,0.52061427
INN26223,0.4961083
INN22412,0.38120306
INN02313,0.632424
INN20799,0.08408439
INN18925,0.96054745
INN31347,0.25951666
INN25563,0.5830458
INN29217,0.25674325
INN34038,0.017187072
INN07101,0.08872039
INN33463,0.35667184
INN15921,0.20489496
INN00500,0.22710243
INN18838,0.54821044
INN28572,0.07989208
INN06621,0.41833678
INN36015,0.023143744
INN01306,0.34931007
INN01348,0.13728315
INN27880,0.43679512
INN01982,0.8084577
INN10666,0.13215692
INN12370,0.0018337789
INN30885,0.19771735
INN30959,0.14012156
INN05947,0.071708396
INN12348,0.23007832
INN35171,0.013084651
INN10315,0.34127867
INN26395,0.4896445
INN05220,0.2791127
INN25299,0.3585385
INN02908,0.55284196
INN09961,0.64598
INN26981,0.15090181
INN12102,0.069514595
INN32447,0.08123103
INN31352,0.19876875
INN21007,0.6096015
INN09780,0.171233
INN05549,0.13272643
INN15084,0.025857551
INN08414,0.48241943
INN09382,0.0079698665
INN32781,0.14961554
INN17545,0.0075490805
INN24296,0.14281635
INN21785,0.93333524
INN13200,0.24172378
INN07432,0.086419545
INN11489,0.0043568183
INN23194,0.40475887
INN36240,0.17859688
INN07781,0.5345807
INN31694,0.6661273
INN16214,0.3200273
INN34143,0.052537743
INN06351,0.32001224
INN30211,0.18525425
INN09929,0.030455045
INN26671,0.013026233
INN01992,0.5283899
INN28709,0.51646495
INN01030,0.8375505
INN06272,0.4218296
INN20808,0.07517264
INN36085,0.48307627
INN19298,0.26020253
INN12061,0.27024427
INN35004,0.24708043
INN08919,0.7977011
INN06970,0.4581854
INN11189,0.8179177
INN35335,0.8001392
INN26305,0.00019121496
INN34206,0.017194944
INN16719,0.42922217
INN15335,0.54045516
INN05372,0.49175578
INN34766,0.22391915
INN16542,0.60690325
INN06605,0.54045516
INN13083,0.29811203
INN19535,0.40435234
INN06437,0.71051395
INN21957,0.48890257
INN06663,0.07880139
INN34039,0.5165306
INN20489,0.069332324
INN02009,0.26304325
INN22248,0.20998843
INN05876,0.23176861
INN29365,0.1536822
INN19025,0.4750221
INN27828,0.55592275
INN29350,0.49280006
INN29367,0.16366959
INN23884,0.17416643
INN08136,0.18306014
INN07752,0.0008173321
INN04706,0.22683267
INN01093,0.2135376
INN10355,0.496324
INN02169,0.25010276
INN30126,0.0008182318
INN01034,0.21791731
INN01857,0.79789656
INN03190,0.34142023
INN30591,0.38313705
INN10399,0.5695325
INN32727,0.5753352
INN33808,0.00050474494
INN31211,0.53819543
INN15493,0.7267335
INN20651,0.2016557
INN01079,0.6639083
INN33152,0.2377304
INN35024,0.33750665
INN22547,0.5443307
INN01184,0.24049026
INN04751,0.03958314
INN33058,0.031521477
INN01789,0.22276914
INN33585,0.8091792
INN35327,0.28443047
INN22098,0.16564836
INN28996,0.5150478
INN23671,0.22845127
INN16753,0.068124406
INN07482,0.3054839
INN30114,0.5288457
INN23920,0.34091
INN29829,0.73946697
INN02287,0.83836627
INN07138,0.29870155
INN23339,0.104076795
INN34355,0.06686189
INN21291,0.16986808
INN12363,0.031272225
INN28485,0.06772498
INN21457,0.0013585039
INN11755,0.27109548
INN21900,0.7241483
INN32031,0.4207534
INN15889,0.3652975
INN20402,0.018651532
INN34015,0.046046477
INN06747,0.597766
INN29105,0.8907871
INN28574,0.52101934
INN15751,0.24791962
INN02139,0.33072153
INN02120,0.028270442
INN26115,0.4211301
INN23748,0.04652544
INN35402,0.5524989
INN04776,0.3916341
INN33504,0.29964262
INN27864,0.37211743
INN20530,0.21712588
INN00517,0.4854223
INN13327,0.011876495
INN26485,0.09050737
INN24885,0.023156755
INN35044,0.1445199
INN06493,0.37526494
INN11579,0.41460514
INN26336,0.0055347052
INN28099,0.19258888
INN18587,0.46103826
INN25088,0.22756647
INN06905,0.47879866
INN17517,0.5396128
INN31323,0.4463226
INN32538,0.5895352
INN04218,0.42286253
INN24368,0.021454187
INN23264,0.5321535
INN25512,0.35579565
INN17419,0.11327144
INN07091,0.6698406
INN07232,0.54903173
INN34381,0.3811552
INN00448,0.132915
INN19432,0.60863525
INN22475,0.55677927
INN16208,0.31244552
INN02636,0.016180463
INN05149,0.45580214
INN07723,0.3593491
INN28214,0.0077888416
INN04323,0.064122796
INN27783,0.5948064
INN32316,0.15028161
INN23618,0.46926445
INN07593,0.43166712
INN22984,0.5444191
INN18875,0.5801248
INN31403,0.7165566
INN16696,0.01709654
INN14982,0.21033193
INN06527,0.33192122
INN29261,0.23040983
INN14425,0.4365208
INN02345,0.3687326
INN33638,0.52164423
INN29928,0.14373317
INN07041,0.03445031
INN23453,0.6038115
INN01119,0.55885464
INN32433,0.16366474
INN03338,0.95743793
INN10055,0.4594
INN22245,0.20610908
INN23587,0.49694026
INN29006,0.6319537
INN13264,0.25172928
INN13884,0.5919148
INN32386,0.7042834
INN00656,0.13193241
INN21914,0.17719488
INN23614,0.58006227
INN12733,0.20205003
INN01398,0.023519509
INN19430,0.43009385
INN20874,0.37056848
INN35341,0.07445643
INN35251,0.39769837
INN06040,0.6570895
INN01397,0.20377436
INN18818,0.567867
INN05046,0.474381
INN04673,0.43177426
INN32695,0.4113914
INN11719,0.01960466
INN24142,0.05951317
INN01697,0.15937525
INN02347,0.61364174
INN30286,0.42652735
INN33051,0.065397866
INN16711,0.6325143
INN18526,0.028741647
INN09592,0.0811789
INN15209,0.5768798
INN08024,0.9797133
INN21368,0.22784778
INN17180,0.57372403
INN34488,0.01990281
INN24765,0.65503514
INN07331,0.10340867
INN13507,0.05232234
INN25875,0.01315218
INN22711,0.316687
INN17664,0.41190967
INN23501,0.3981836
INN25294,0.5498465
INN05428,0.057291247
INN00597,0.34017113
INN12568,0.16781889
INN17355,0.38313705
INN11016,0.24569617
INN34895,0.19607097
INN03389,0.30425647
INN13963,0.21732274
INN25500,0.10482634
INN17844,0.48080695
INN14092,0.05217616
INN03848,0.084754355
INN15136,0.009813903
INN03508,0.025730055
INN15869,0.02405591
INN35036,0.6006517
INN13064,0.44006643
INN14494,0.66141534
INN25078,0.057232756
INN10409,0.44124883
INN13711,0.39304703
INN11045,0.07989993
INN02684,0.53574646
INN25799,0.16332841
INN09560,0.69288284
INN29615,0.2737912
INN30057,0.4888272
INN31348,0.094066955
INN18858,0.29199365
INN22941,0.2901181
INN01816,0.2670667
INN36121,0.35882863
INN04985,0.11199672
INN33485,0.47154695
INN34916,0.6669125
INN14170,0.1773951
INN08088,0.41045249
INN26193,0.9393178
INN26465,0.44481823
INN01906,0.44179988
INN06312,0.36566415
INN32013,0.47024128
INN15118,0.65519106
INN05599,0.31673795
INN12972,0.15809233
INN15114,0.667217
INN33452,0.14778475
INN14100,0.13361697
INN04635,0.56431836
INN21454,0.14180286
INN27367,0.06492761
INN19428,0.021399997
INN34843,0.42918298
INN28923,0.16811213
INN10430,0.17630775
INN29527,0.2785715
INN08443,0.19025315
INN12891,0.08489107
INN23470,0.1888222
INN15076,0.5933805
INN16267,0.9113733
INN12036,0.20543255
INN35967,0.2315127
INN19633,0.9138196
INN02859,0.18797818
INN10338,0.7941801
INN01413,0.09132508
INN25050,0.41434228
INN33668,0.5365094
INN01324,0.12557015
INN12884,0.43192583
INN00093,0.3817135
INN27477,0.17295922
INN24430,0.43628696
INN31930,0.62474245
INN03836,0.48795396
INN06362,0.260965
INN06001,0.31686607
INN26980,0.45609865
INN14912,0.9472981
INN07439,0.28824463
INN05815,0.17711629
INN10343,0.52378565
INN34129,0.3397633
INN03886,0.036405634
INN16484,0.5819828
INN06037,0.0106342295
INN19787,0.17321812
INN17042,0.4892401
INN25887,0.31969634
INN18248,0.08144711
INN18198,0.14469287
INN07210,0.19405033
INN08887,0.55314
INN23701,0.27070478
INN28176,0.45805076
INN13505,0.3671948
INN26595,0.008073718
INN31346,0.16336478
INN01424,0.36855742
INN07134,0.6917418
INN05101,0.35675007
INN06952,0.15431586
INN19527,0.10333597
INN30421,0.6870922
INN09499,0.43908113
INN36074,0.30119672
INN04158,0.24756172
INN13550,0.5315359
INN32638,0.33733824
INN07572,0.53377
INN01110,0.059620094
INN08404,0.19337241
INN31492,0.14555247
INN33372,0.047329295
INN15557,0.73421
INN10697,0.53681326
INN00964,0.5320126
INN33493,0.1351365
INN21610,0.24455403
INN32765,0.03477689
INN07475,0.4179307
INN02975,0.41936287
INN26111,0.5498818
INN17748,0.1879311
INN16170,0.22487214
INN10864,0.16415554
INN08766,0.9616836
INN27010,0.5604775
INN02852,0.030658776
INN12423,0.4012989
INN17080,0.5802345
INN04524,0.80610055
INN01248,0.22149076
INN34853,0.20344222
INN07746,0.46874034
INN16467,0.06575822
INN21833,0.24220711
INN02732,0.15841174
INN25493,0.2136669
INN16615,0.60010135
INN19968,0.06668434
INN13417,0.45724487
INN23149,0.023703631
INN29822,0.21847181
INN16740,0.17088978
INN20778,0.7282132
INN36245,0.5857462
INN11193,0.0017625936
INN21891,0.3114106
INN21971,0.1846071
INN04956,0.21880388
INN36224,0.3162433
INN20442,0.32392263
INN17260,0.37834802
INN10837,0.21401288
INN30776,0.46654406
INN09767,0.5200879
INN13195,0.082939714
INN23745,0.51555353
INN08023,0.62175846
INN21993,0.26572073
INN15244,0.42556292
INN12312,0.43751207
INN25083,0.3164996
INN24005,0.5576379
INN18046,0.6250176
INN06047,0.29151276
INN20832,0.60921556
INN03698,0.24600202
INN20780,0.24424796
INN34626,0.20405208
INN20087,0.38733834
INN29714,0.3882094
INN30659,0.055182017
INN30717,0.060988087
INN31888,0.5995042
INN35786,0.5249626
INN10743,0.41892895
INN08571,0.15220244
INN12952,0.012963869
INN06825,0.050215796
INN12629,0.20196018
INN26268,0.32306698
INN14760,0.41756725
INN35751,0.24728927
INN19278,0.25601918
INN07516,0.40667656
INN00757,0.43125537
INN08194,0.009116876
INN32670,0.53189164
INN35897,0.30573982
INN14332,0.076192
INN21455,0.43526408
INN02589,0.29687995
INN25367,0.04165397
INN07769,0.59273326
INN30326,0.22453932
INN27586,0.7476095
INN10446,0.3423782
INN16516,0.6580713
INN18191,0.15812846
INN29199,0.5142675
INN22047,0.5930798
INN23128,0.5024894
INN01802,0.37856457
INN14355,0.13703793
INN10785,0.3008408
INN15074,0.40746233
INN20541,0.11829557
INN11147,0.22601831
INN24807,0.24445821
INN17055,0.29513174
INN12023,0.3176212
INN21888,0.41892794
INN34234,0.32362187
INN16089,0.006453766
INN00828,0.43371215
INN13934,0.12171484
INN15393,0.604324
INN33462,0.545251
INN05079,0.012006145
INN03807,0.2736746
INN19898,0.097828954
INN26813,0.4659731
INN29182,0.5559938
INN24480,0.6470562
INN30612,0.5865036
INN11667,0.97376823
INN33320,0.35420555
INN34264,0.055814337
INN33889,0.023445336
INN10546,0.11604382
INN07654,0.6951424
INN18883,0.43112382
INN05870,0.45254996
INN01132,0.005383138
INN21242,0.020494029
INN01960,0.13671921
INN10092,0.28018254
INN07268,0.23361057
INN24302,0.7746168
INN04757,0.07197584
INN19021,0.61526537
INN24997,0.581639
INN00743,0.5766178
INN06238,0.15350798
INN28260,0.4385627
INN09654,0.52371573
INN35597,0.108819544
INN11966,0.12069809
INN00513,0.18953414
INN08284,0.5547567
INN23974,0.11124354
INN13989,0.4285393
INN34728,0.62351507
INN18033,0.22622125
INN09129,0.45816654
INN13837,0.10567542
INN00594,0.89008105
INN31365,0.20776759
INN00874,0.58189327
INN31953,0.8146184
INN18456,0.54000914
INN00335,0.16856538
INN07021,0.07640139
INN19994,0.11934661
INN08604,0.5621839
INN23894,0.92932236
INN09094,0.19122377
INN13531,0.027277026
INN28508,0.108383924
INN30588,0.0066808215
INN20929,0.22365828
INN03661,0.15378079
INN17704,0.44326746
INN18050,0.5631888
INN14376,0.45005
INN04029,0.65998554
INN12185,0.5040511
INN28062,0.15074773
INN12415,0.0066056326
INN26364,0.50823563
INN30923,0.1355855
INN06428,0.009160261
INN13763,0.005507456
INN23488,0.7065761
INN14757,0.46109438
INN03819,0.20691302
INN28111,0.22739936
INN29885,0.0017218809
INN05395,0.012528846
INN13402,0.3269311
INN00131,0.19889231
INN21867,0.38601357
INN26517,0.5982642
INN06759,0.29384264
INN04851,0.5610852
INN10481,0.1536254
INN10167,0.35720026
INN07933,0.3869085
INN31862,0.04006737
INN36044,0.6018049
INN02727,0.020340528
INN30831,0.01986991
INN33488,0.0027438055
INN13138,0.13642155
INN34601,0.3682356
INN29551,0.10388482
INN35713,0.9084914
INN08293,0.0024244552
INN25178,0.236754
INN02835,0.01601727
INN34662,0.41507593
INN10902,0.07577153
INN34919,0.029450445
INN19416,0.3767313
INN27093,0.19217084
INN01514,0.7348896
INN07653,0.33236286
INN12152,0.013736809
INN03069,0.049344078
INN02950,0.0034300506
INN27323,0.5412853
INN12441,0.5510666
INN29170,0.1188092
INN16486,0.50260806
INN11100,0.01161872
INN17019,0.528429
INN06317,0.4554974
INN16105,0.42627814
INN17405,0.11583463
INN01604,0.375737
INN14278,0.5484461
INN26910,0.9591669
INN03636,0.21522054
INN24101,0.36157483
INN34865,0.61696047
INN01792,0.25238517
INN04464,0.33682913
INN28262,0.3248125
INN34891,0.1578499
INN13809,0.20652603
INN30149,0.20846637
INN09682,0.24875925
INN01332,0.0017669658
INN11154,0.3126027
INN16343,0.0016932405
INN17363,0.47233844
INN31948,0.10330791
INN15918,0.2803212
INN21416,0.96496314
INN32939,0.5261168
INN34240,0.49146584
INN28529,0.1856265
INN06995,0.330573
INN06479,0.4072468
INN19218,0.20312282
INN31444,0.58674246
INN12593,0.50234115
INN20365,0.0080384975
INN31180,0.27127022
INN22327,0.110845275
INN32640,0.08662948
INN20960,0.3297095
INN09236,0.5576379
INN11327,0.83494323
INN25105,0.27434108
INN21953,0.21810813
INN00683,0.0007491926
INN27471,0.2352828
INN30956,0.54780763
INN34084,0.1396733
INN29286,0.09031084
INN14418,0.070877634
INN05289,0.30625662
INN29234,0.63198096
INN17942,0.020740755
INN25063,0.4377866
INN24756,0.22796752
INN24258,0.08439381
INN18656,0.10215565
INN30914,0.1788639
INN05086,0.06468774
INN07603,0.7099371
INN23002,0.5806558
INN12112,0.2576191
INN10398,0.4408832
INN27529,0.16933732
INN15240,0.49731794
INN30284,0.46814108
INN34060,0.12944177
INN06529,0.12969594
INN33818,0.3162187
INN21108,0.3915855
INN29892,0.31091174
INN30734,0.07819709
INN33264,0.17681347
INN32507,0.5452225
INN19723,0.4817301
INN15323,0.19682072
INN07756,0.34059185
INN14157,0.3508627
INN18787,0.8768849
INN01764,0.6031405
INN11977,0.11519756
INN27399,0.4357101
INN23886,0.7035948
INN06157,0.0545187
INN24632,0.645038
INN35998,0.10085004
INN32534,0.5390737
INN02183,0.41839248
INN10334,0.6174165
INN21135,0.08607463
INN13765,0.4231559
INN10411,0.104115084
INN29571,0.32815653
INN08561,0.33503345
INN26034,0.6261531
INN00867,0.40858468
INN00480,0.6150787
INN16873,0.53074723
INN23321,0.34646633
INN03103,0.16411816
INN17017,0.37866864
INN02311,0.3745835
INN21460,0.0010805803
INN34758,0.4804125
INN03594,0.13651066
INN15025,0.64391005
INN05537,0.20264047
INN26691,0.24530469
INN24970,0.26101875
INN00777,0.008689929
INN21612,0.2510829
INN23415,0.6343638
INN03002,0.42087474
INN28775,0.5762191
INN32326,0.380376
INN14937,0.6164883
INN29627,0.30334622
INN01140,0.28589854
INN14903,0.0108617395
INN15179,0.15084296
INN13334,0.24210565
INN02175,0.5867186
INN09335,0.43702465
INN19137,0.70480776
INN04469,0.6857115
INN24852,0.5884743
INN29799,0.48503408
INN24700,0.012365858
INN04784,0.538752
INN31827,0.51860166
INN31126,0.08262306
INN21488,0.71053094
INN02747,0.26877674
INN34822,0.76729375
INN18907,0.44339886
INN25673,0.54236424
INN30979,0.5449863
INN07786,0.1432399
INN02565,0.036132004
INN28727,0.7050273
INN10891,0.005435286
INN31640,0.35989413
INN30115,0.20418441
INN32634,0.0044503226
INN36271,0.41077545
INN03736,0.6447076
INN12849,0.5968164
INN09646,0.16200235
INN29168,0.19620885
INN13624,0.6134266
INN30585,0.8724671
INN23408,0.4592954
INN10874,0.3766138
INN22675,0.17847699
INN04752,0.4393119
INN18006,0.45402148
INN23363,0.1879025
INN33955,0.541014
INN26629,0.21253201
INN31410,0.5201058
INN07403,0.19034474
INN04999,0.17733485
INN12052,0.6999536
INN33745,0.60298663
INN29267,0.3065613
INN05485,0.07998744
INN32588,0.7741005
INN27846,0.24377823
INN34554,0.31842414
INN22255,0.03652531
INN31740,0.5677466
INN02618,0.49222466
INN06416,0.99563956
INN06827,0.13770506
INN22122,0.029416405
INN30073,0.3915855
INN21722,0.13307236
INN02848,0.34005114
INN34347,0.002878429
INN28621,0.20681366
INN03026,0.6041298
INN25719,0.47389475
INN07267,0.506153
INN26410,0.5440243
INN08752,0.6117461
INN15460,0.20579176
INN09399,0.09129516
INN30744,0.08573258
INN05465,0.004276596
INN32787,0.753203
INN01419,0.21398467
INN14833,0.18819666
INN00781,0.18724759
INN23144,0.024242112
INN33662,0.1516547
INN24249,0.4775194
INN10199,0.42965215
INN12650,0.14962561
INN33932,0.03308893
INN27771,0.06265866
INN10825,0.23923984
INN07404,0.20470592
INN29613,0.5868465
INN31990,0.36049837
INN32920,0.90944815
INN26998,0.3349241
INN31179,0.01951822
INN11839,0.26424906
INN23400,0.16313906
INN34094,0.2672924
INN22171,0.96361965
INN26659,0.034473702
INN24431,0.7891082
INN16317,0.21356478
INN35942,0.5169257
INN33403,0.2683997
INN07194,0.1459521
INN22039,0.59644383
INN36129,0.67828
INN23474,0.34765756
INN15667,0.12896265
INN27580,0.21203525
INN27070,0.44099402
INN05554,0.32231688
INN15416,0.107406594
INN29994,0.39020205
INN21277,0.098327965
INN21237,0.37756377
INN22436,0.10664334
INN06127,0.64598
INN33725,0.2864408
INN03249,0.8375002
INN05305,0.77365905
INN23925,0.0015905746
INN22573,0.32815143
INN12569,0.545442
INN06233,0.2315127
INN30859,0.28848115
INN04041,0.54595435
INN33575,0.021688115
INN03586,0.3055827
INN22813,0.67602926
INN14683,0.17223972
INN00981,0.5134594
INN30490,0.2068106
INN07641,0.2974961
INN19835,0.029721169
INN10823,0.21555328
INN24409,0.16409038
INN07681,0.3833693
INN15146,0.64953405
INN21708,0.35541105
INN26362,0.99607074
INN04590,0.5009642
INN07600,0.2125207
INN13696,0.56420785
INN09976,0.5895946
INN29016,0.44723767
INN03059,0.32679728
INN22266,0.63697433
INN32358,0.26763827
INN17760,0.36478546
INN29830,0.5393487
INN29950,0.29432762
INN16414,0.27569056
INN17506,0.3756729
INN24391,0.25379053
INN29768,0.09613169
INN22632,0.42499855
INN10830,0.024100825
INN18170,0.20501535
INN18885,0.8649527
INN10646,0.39545012
INN14015,0.06024441
INN23754,0.14820911
INN09535,0.5225349
INN27621,0.04431755
INN13209,0.41520494
INN34256,0.21861361
INN18417,0.013396473
INN23376,0.56152844
INN06389,0.034739677
INN06481,0.08251305
INN19086,0.2423192
INN00267,0.022113958
INN04406,0.5179502
INN28095,0.12636256
INN16584,0.043275762
INN05778,0.41837126
INN18630,0.4391147
INN07150,0.40583783
INN03843,0.19399635
INN20392,0.29082498
INN34435,0.2377781
INN35689,0.35507232
INN32151,0.1066858
INN19294,0.7428243
INN05688,0.35769972
INN25666,0.066234805
INN19688,0.05322985
INN10099,0.10172355
INN00791,0.2775756
INN29200,0.14656754
INN21803,0.070247896
INN32032,0.36077163
INN26055,0.47502205
INN08154,0.3292224
INN14201,0.3779793
INN19790,0.1641317
INN01443,0.62866724
INN09852,0.7079328
INN30782,0.36980763
INN15728,0.55842996
INN25436,0.5275719
INN25174,0.38776478
INN25595,0.6077039
INN14189,0.04537899
INN23689,0.7439003
INN34056,0.21977206
INN05196,0.36257914
INN05387,0.090767354
INN03616,0.63477063
INN17498,0.28544715
INN04563,0.6125423
INN11685,0.3960626
INN09001,0.01347273
INN04179,0.10993725
INN14074,0.029032929
INN28978,0.12540442
INN21179,0.11240278
INN11478,0.3018921
INN33971,0.22062701
INN33727,0.55039626
INN20490,0.5498014
INN31583,0.11879243
INN05437,0.13845721
INN22562,0.45254996
INN15948,0.2595641
INN01338,0.13707033
INN33287,0.065135024
INN09871,0.035840377
INN05562,0.19413376
INN35877,0.6811089
INN08593,0.00048404833
INN32079,0.3644357
INN18903,0.38830826
INN33164,0.25784937
INN03036,0.45455012
INN07824,0.14480722
INN30567,0.5809825
INN07556,0.5745106
INN09772,0.50393176
INN05071,0.20155412
INN31299,0.25312242
INN35559,0.43964565
INN07137,0.36655548
INN21966,0.4817556
INN19396,0.5234717
INN18912,0.41376427
INN28348,0.04710794
INN34344,0.0691082
INN30826,0.6953654
INN15764,0.796805
INN14122,0.32532197
INN30240,0.25327966
INN10888,0.17523897
INN22130,0.5802899
INN10431,0.031759936
INN35783,0.14763783
INN14345,0.11432391
INN33548,0.54014367
INN14108,0.2510395
INN21384,0.42639196
INN11450,0.29026863
INN23733,0.111618795
INN01304,0.40462297
INN06014,0.3239943
INN25577,0.377937
INN16282,0.23621471
INN04868,0.3813869
INN06913,0.24747021
INN21019,0.5166765
INN17100,0.20526762
INN19729,0.07657073
INN01632,0.20539717
INN23697,0.29620585
INN26697,0.11376114
INN33438,0.2114507
INN00891,0.31262994
INN08440,0.66866344
INN10899,0.34234113
INN06676,0.05403791
INN12156,0.20297028
INN32161,0.26318005
INN19743,0.47673395
INN13367,0.13860925
INN02731,0.06545901
INN03955,0.4795158
INN07469,0.2954432
INN22054,0.08332025
INN15028,0.2280072
INN29942,0.39394078
INN07818,0.21155997
INN01465,0.48970297
INN00362,0.050284706
INN19007,0.10667271
INN31597,0.3842582
INN01431,0.47725108
INN14262,0.1739473
INN02384,0.025146239
INN00492,0.3038625
INN04818,0.35245067
INN28253,0.00479814
INN28403,0.23009498
INN16890,0.010806622
INN05166,0.20832631
INN07452,0.0074982257
INN27273,0.008518598
INN33994,0.06495223
INN20273,0.03292917
INN31003,0.008818979
INN12120,0.03889229
INN24086,0.16575254
INN07846,0.16221707
INN20604,0.34310997
INN11784,0.047069814
INN06503,0.0012660525
INN35007,0.04124858
INN09017,0.8844475
INN08363,0.2679791
INN00822,0.5443757
INN12995,0.17094246
INN05287,0.089027435
INN18872,0.6486753
INN10610,0.6761894
INN07023,0.15823442
INN08758,0.39875916
INN05990,0.21140423
INN15192,0.055833798
INN24251,0.039468825
INN18599,0.13187605
INN16937,0.31327435
INN12245,0.2661876
INN10942,0.20832631
INN24630,0.12407996
INN30904,0.15012735
INN20286,0.44837412
INN06396,0.24278167
INN24411,0.31031445
INN23901,0.13653271
INN26825,0.2442649
INN08278,0.23152684
INN18369,0.27992606
INN29744,0.13418901
INN18531,0.15447621
INN29509,0.8458859
INN22381,0.04153868
INN21862,0.5290769
INN05122,0.39955893
INN08898,0.27684322
INN11680,0.10756233
INN05837,0.4550828
INN12548,0.34125984
INN30287,0.5324708
INN17342,0.0014998898
INN34323,0.60170025
INN08058,0.6671105
INN23004,0.033185605
INN33272,0.25161412
INN10466,0.31772634
INN31226,0.18128358
INN03595,0.35956535
INN08373,0.35795295
INN17883,0.6293913
INN10500,0.4675913
INN07529,0.015214162
INN20692,0.3698448
INN05788,0.042505376
INN27603,0.0057807947
INN18176,0.073591195
INN03862,0.46108353
INN00217,0.057746287
INN20679,0.7043419
INN22182,0.45467716
INN19834,0.6764291
INN23283,0.6155037
INN13821,0.5321535
INN08479,0.18975629
INN13923,0.6975503
INN13460,0.4092774
INN14881,0.21553628
INN28737,0.22731405
INN25011,0.23759961
INN14021,0.0012434053
INN14658,0.01771083
INN35654,0.17038205
INN10689,0.57083917
INN00776,0.449337
INN07882,0.09369865
INN04963,0.03347944
INN06528,0.27821195
INN34644,0.33761963
INN28782,0.332021
INN35441,0.32822374
INN30001,0.3639674
INN20452,0.24789886
INN01457,0.33966604
INN20150,0.22224848
INN00658,0.4374479
INN15748,0.4772034
INN03092,0.25514853
INN08376,0.3813869
INN24845,0.52275366
INN17225,0.22771294
INN03456,0.22914799
INN35127,0.3171776
INN30186,0.13154022
INN09562,0.1356251
INN24680,0.05204392
INN09793,0.14086814
INN32077,0.33226904
INN28957,0.36592403
INN01724,0.47014952
INN27801,0.11471383
INN04690,0.0033296326
INN27873,0.013561237
INN33853,0.41056108
INN31709,0.24525282
INN05647,0.67593884
INN03786,0.5884535
INN25207,0.4718507
INN09104,0.0033114387
INN12014,0.70386803
INN09061,0.44038516
INN20659,9.38518e-05
INN35498,0.088127196
INN30856,0.33381087
INN03800,0.2138324
INN06858,0.5893099
INN26766,0.06952435
INN18921,0.44326746
INN18311,0.29516158
INN18524,0.5639986
INN35021,0.08478055
INN30148,0.3045101
INN16359,0.20097815
INN01901,0.24865378
INN21434,0.63114625
INN06049,0.37627518
INN14955,0.29102254
INN15014,0.19763894
INN18398,0.059500054
INN21682,0.48733804
INN28689,0.078713134
INN01230,0.0006743502
INN17024,0.5144544
INN02295,0.5561054
INN06129,0.5603989
INN05875,0.1299524
INN30217,0.0016956627
INN15100,0.21219908
INN35339,0.07693391
INN08358,0.4362934
INN02237,0.0021733535
INN18761,0.022489479
INN31279,0.052256722
INN21267,0.37036356
INN29541,0.69157565
INN01148,0.14922397
INN15299,0.4258103
INN08472,0.17412345
INN15674,0.28019226
INN32826,0.32006907
INN18336,0.080690265
INN08890,0.71722806
INN27585,0.5651806
INN15047,0.020357221
INN00574,0.33268324
INN33862,0.18119599
INN22645,0.462057
INN29910,0.13037309
INN07782,0.5062798
INN04901,0.023251837
INN26265,0.25041878
INN30140,0.22856335
INN09732,0.6018049
INN03283,0.53162134
INN14980,0.42345902
INN02857,0.17593299
INN17278,0.43862295
INN22893,0.18143119
INN24693,0.34758592
INN10406,0.45169348
INN02768,0.6494525
INN29523,0.02532073
INN25061,0.40755993
INN08475,0.94211173
INN13558,0.016928129
INN00626,0.07848992
